{
  "unknown": {
    "versionSfCore": null,
    "versionFramework": "4.3.3",
    "isWithinCompose": false,
    "composeOrgName": null,
    "composeServiceName": null,
    "command": [],
    "options": {
      "version": true
    },
    "error": null,
    "machineId": "f2a4aa296a90a464dcba9c18695c059c",
    "serviceProviderAwsCfStackId": null,
    "serviceProviderAwsCfStackCreated": null,
    "serviceProviderAwsCfStackUpdated": null,
    "serviceProviderAwsCfStackStatus": null,
    "serviceProviderAwsCfStackOutputs": null
  }
}